index,TM_x,G_x,MP_x,PTS_x,YR_x,YRprior_x,G_y,MP_y,PTS_y,YR_y,YRprior_y,HomeCourt_x,HomeCourt_y
1,Atlanta Hawks 05-06,71.1,26.24,26.24,6.0,5.0,64.5375,26.579999999999995,26.579999999999995,5.0,4.0,0.0,0.0
2,Atlanta Hawks 06-07,54.3,24.879999999999992,24.879999999999992,7.0,6.0,75.24444444444444,29.67111111111111,29.67111111111111,6.0,5.0,0.0,0.0
3,Atlanta Hawks 07-08,65.1,23.559999999999995,23.559999999999995,8.0,7.0,64.18,30.189999999999998,30.189999999999998,7.0,6.0,0.0,0.0
4,Atlanta Hawks 08-09,70.0,25.919999999999995,25.919999999999995,9.0,8.0,64.94444444444444,23.973333333333333,23.973333333333333,8.0,7.0,0.0,0.0
5,Atlanta Hawks 09-10,71.6,23.84,23.84,10.0,9.0,67.13333333333333,30.046666666666663,30.046666666666663,9.0,8.0,1.0,0.0
6,Atlanta Hawks 10-11,64.6,25.05,25.05,11.0,10.0,77.1,25.33,25.33,10.0,9.0,0.0,1.0
7,Atlanta Hawks 11-12,52.1,21.1,21.1,12.0,11.0,69.3125,26.65625,26.65625,11.0,10.0,1.0,0.0
8,Atlanta Hawks 12-13,57.8,24.759999999999998,24.759999999999998,13.0,12.0,62.720000000000006,26.718,26.718,12.0,11.0,0.0,1.0
9,Atlanta Hawks 13-14,57.8,23.89,23.89,14.0,13.0,66.76666666666667,28.045555555555552,28.045555555555552,13.0,12.0,0.0,0.0
10,Atlanta Hawks 14-15,60.2,23.35,23.35,15.0,14.0,67.26923076923076,27.188461538461542,27.188461538461542,14.0,13.0,1.0,0.0
11,Atlanta Hawks 15-16,67.4,23.910000000000004,23.910000000000004,16.0,15.0,70.31666666666666,24.966666666666665,24.966666666666665,15.0,14.0,1.0,1.0
12,Atlanta Hawks 16-17,63.8,24.65,24.65,17.0,16.0,71.58000000000001,25.055000000000007,25.055000000000007,16.0,15.0,0.0,1.0
13,Atlanta Hawks 17-18,54.6,21.64,21.64,18.0,17.0,69.325,22.178749999999997,22.178749999999997,17.0,16.0,0.0,0.0
14,Atlanta Hawks 18-19,53.5,22.830000000000002,22.830000000000002,19.0,18.0,63.63333333333335,23.51666666666667,23.51666666666667,18.0,17.0,0.0,0.0
16,Boston Celtics 05-06,58.5,21.939999999999998,21.939999999999998,6.0,5.0,72.875,24.475,24.475,5.0,4.0,0.0,0.0
17,Boston Celtics 06-07,59.2,24.5,24.5,7.0,6.0,61.8,26.961999999999996,26.961999999999996,6.0,5.0,0.0,0.0
18,Boston Celtics 07-08,67.2,24.32,24.32,8.0,7.0,61.4,26.959999999999997,26.959999999999997,7.0,6.0,1.0,0.0
19,Boston Celtics 08-09,62.9,24.060000000000002,24.060000000000002,9.0,8.0,68.23333333333332,29.166666666666668,29.166666666666668,8.0,7.0,1.0,1.0
20,Boston Celtics 09-10,63.8,24.270000000000003,24.270000000000003,10.0,9.0,67.875,29.8225,29.8225,9.0,8.0,0.0,1.0
21,Boston Celtics 10-11,51.9,21.740000000000002,21.740000000000002,11.0,10.0,64.96666666666667,29.656666666666673,29.656666666666673,10.0,9.0,1.0,0.0
22,Boston Celtics 11-12,49.3,22.68,22.68,12.0,11.0,59.75,25.95,25.95,11.0,10.0,0.0,1.0
23,Boston Celtics 12-13,63.2,25.44,25.44,13.0,12.0,58.142857142857146,31.25,31.25,12.0,11.0,0.0,0.0
24,Boston Celtics 13-14,57.3,24.909999999999997,24.909999999999997,14.0,13.0,60.64444444444443,28.48222222222222,28.48222222222222,13.0,12.0,0.0,0.0
25,Boston Celtics 14-15,52.3,23.75,23.75,15.0,14.0,61.220000000000006,29.177999999999997,29.177999999999997,14.0,13.0,0.0,0.0
26,Boston Celtics 15-16,63.4,22.0,22.0,16.0,15.0,63.07272727272728,24.987272727272725,24.987272727272725,15.0,14.0,0.0,0.0
27,Boston Celtics 16-17,63.1,22.689999999999998,22.689999999999998,17.0,16.0,72.3,27.07818181818182,27.07818181818182,16.0,15.0,1.0,0.0
28,Boston Celtics 17-18,57.3,20.900000000000002,20.900000000000002,18.0,17.0,74.8,29.49,29.49,17.0,16.0,1.0,1.0
29,Boston Celtics 18-19,68.1,24.86,24.86,19.0,18.0,68.1909090909091,27.384545454545457,27.384545454545457,18.0,17.0,0.0,1.0
30,Brooklyn Nets 12-13,61.5,20.35,20.35,13.0,12.0,48.557142857142864,30.319999999999993,30.319999999999993,12.0,11.0,0.0,0.0
31,Brooklyn Nets 13-14,53.9,22.87,22.87,14.0,13.0,69.79230769230769,29.540769230769236,29.540769230769236,13.0,12.0,0.0,0.0
32,Brooklyn Nets 14-15,62.9,22.6,22.6,15.0,14.0,61.02222222222222,26.195555555555558,26.195555555555558,14.0,13.0,0.0,0.0
33,Brooklyn Nets 15-16,55.9,23.940000000000005,23.940000000000005,16.0,15.0,63.02727272727274,27.953636363636367,27.953636363636367,15.0,14.0,0.0,0.0
34,Brooklyn Nets 16-17,57.7,22.6,22.6,17.0,16.0,67.125,23.910000000000004,23.910000000000004,16.0,15.0,0.0,0.0
35,Brooklyn Nets 17-18,65.3,25.480000000000004,25.480000000000004,18.0,17.0,65.82000000000001,24.229999999999997,24.229999999999997,17.0,16.0,0.0,0.0
36,Brooklyn Nets 18-19,56.4,23.700000000000003,23.700000000000003,19.0,18.0,70.5,26.155,26.155,18.0,17.0,0.0,0.0
38,Charlotte Bobcats 05-06,53.3,24.41,24.41,6.0,5.0,62.8,24.48,24.48,5.0,4.0,0.0,0.0
39,Charlotte Bobcats 06-07,52.3,24.270000000000003,24.270000000000003,7.0,6.0,52.67999999999999,25.791999999999994,25.791999999999994,6.0,5.0,0.0,0.0
40,Charlotte Bobcats 07-08,56.77777777777778,24.988888888888887,24.988888888888887,8.0,7.0,55.0,27.75,27.75,7.0,6.0,0.0,0.0
41,Charlotte Bobcats 08-09,44.1,19.020000000000003,19.020000000000003,9.0,8.0,73.5,30.025,30.025,8.0,7.0,0.0,0.0
42,Charlotte Bobcats 09-10,66.75,22.325,22.325,10.0,9.0,63.166666666666664,27.349999999999998,27.349999999999998,9.0,8.0,0.0,0.0
43,Charlotte Bobcats 10-11,54.7,22.73,22.73,11.0,10.0,60.3,23.88,23.88,10.0,9.0,0.0,0.0
44,Charlotte Bobcats 11-12,48.6,23.869999999999997,23.869999999999997,12.0,11.0,66.26666666666668,23.80111111111112,23.80111111111112,11.0,10.0,0.0,0.0
45,Charlotte Bobcats 12-13,61.6,21.229999999999997,21.229999999999997,13.0,12.0,50.84285714285714,26.007142857142856,26.007142857142856,12.0,11.0,0.0,0.0
46,Charlotte Bobcats 13-14,54.5,23.589999999999996,23.589999999999996,14.0,13.0,72.63333333333333,26.79333333333334,26.79333333333334,13.0,12.0,0.0,0.0
47,Charlotte Hornets 14-15,56.0,22.630000000000003,22.630000000000003,15.0,14.0,62.322222222222216,28.629999999999995,28.629999999999995,14.0,13.0,0.0,0.0
48,Charlotte Hornets 15-16,62.0,22.439999999999998,22.439999999999998,16.0,15.0,65.97272727272727,23.655454545454546,23.655454545454546,15.0,14.0,0.0,0.0
49,Charlotte Hornets 16-17,66.3,24.740000000000002,24.740000000000002,17.0,16.0,73.97999999999999,25.594,25.594,16.0,15.0,0.0,0.0
50,Charlotte Hornets 17-18,64.1,22.61,22.61,18.0,17.0,72.13999999999999,28.820999999999998,28.820999999999998,17.0,16.0,0.0,0.0
51,Charlotte Hornets 18-19,64.6,23.68,23.68,19.0,18.0,66.75454545454545,24.55272727272727,24.55272727272727,18.0,17.0,0.0,0.0
53,Chicago Bulls 05-06,66.6,23.720000000000002,23.720000000000002,6.0,5.0,71.91111111111111,24.74444444444444,24.74444444444444,5.0,4.0,0.0,0.0
54,Chicago Bulls 06-07,72.1,24.85,24.85,7.0,6.0,74.63333333333334,30.00666666666666,30.00666666666666,6.0,5.0,1.0,0.0
55,Chicago Bulls 07-08,66.7,24.86,24.86,8.0,7.0,74.7125,28.686249999999994,28.686249999999994,7.0,6.0,0.0,1.0
56,Chicago Bulls 08-09,57.9,28.279999999999994,28.279999999999994,9.0,8.0,66.22727272727272,26.616363636363634,26.616363636363634,8.0,7.0,0.0,0.0
57,Chicago Bulls 09-10,64.0,26.675,26.675,10.0,9.0,59.333333333333336,32.28333333333333,32.28333333333333,9.0,8.0,0.0,0.0
58,Chicago Bulls 10-11,74.44444444444444,25.222222222222225,25.222222222222225,11.0,10.0,66.16666666666667,28.599999999999998,28.599999999999998,10.0,9.0,1.0,0.0
59,Chicago Bulls 11-12,50.1,23.46,23.46,12.0,11.0,72.1,28.825714285714287,28.825714285714287,11.0,10.0,1.0,1.0
60,Chicago Bulls 12-13,62.3,24.650000000000002,24.650000000000002,13.0,12.0,53.220000000000006,26.622000000000003,26.622000000000003,12.0,11.0,0.0,1.0
61,Chicago Bulls 13-14,64.33333333333333,28.611111111111104,28.611111111111104,14.0,13.0,68.75,27.45,27.45,13.0,12.0,0.0,0.0
62,Chicago Bulls 14-15,64.6,24.84,24.84,15.0,14.0,69.4375,28.333750000000002,28.333750000000002,14.0,13.0,0.0,0.0
63,Chicago Bulls 15-16,48.4,22.14,22.14,16.0,15.0,65.1090909090909,28.475454545454546,28.475454545454546,15.0,14.0,0.0,0.0
64,Chicago Bulls 16-17,59.6,24.32,24.32,17.0,16.0,70.75454545454545,29.064545454545453,29.064545454545453,16.0,15.0,0.0,0.0
65,Chicago Bulls 17-18,44.4,21.880000000000003,21.880000000000003,18.0,17.0,58.45454545454545,23.382727272727273,23.382727272727273,17.0,16.0,0.0,0.0
66,Chicago Bulls 18-19,45.2,26.709999999999997,26.709999999999997,19.0,18.0,49.733333333333334,26.028333333333336,26.028333333333336,18.0,17.0,0.0,0.0
68,Cleveland Cavaliers 05-06,63.7,24.91,24.91,6.0,5.0,72.7,29.159090909090914,29.159090909090914,5.0,4.0,1.0,0.0
69,Cleveland Cavaliers 06-07,64.7,22.86,22.86,7.0,6.0,72.58,30.394,30.394,6.0,5.0,1.0,1.0
70,Cleveland Cavaliers 07-08,53.5,24.340000000000003,24.340000000000003,8.0,7.0,73.67999999999999,28.598000000000003,28.598000000000003,7.0,6.0,0.0,1.0
71,Cleveland Cavaliers 08-09,68.8,23.64,23.64,9.0,8.0,57.0,29.112500000000004,29.112500000000004,8.0,7.0,1.0,0.0
72,Cleveland Cavaliers 09-10,63.4,23.970000000000002,23.970000000000002,10.0,9.0,73.91000000000001,30.983999999999998,30.983999999999998,9.0,8.0,1.0,1.0
73,Cleveland Cavaliers 10-11,55.8,26.360000000000003,26.360000000000003,11.0,10.0,68.52,26.116999999999997,26.116999999999997,10.0,9.0,0.0,1.0
74,Cleveland Cavaliers 11-12,48.2,26.160000000000004,26.160000000000004,12.0,11.0,60.45,26.365,26.365,11.0,10.0,0.0,0.0
75,Cleveland Cavaliers 12-13,52.0,24.910000000000004,24.910000000000004,13.0,12.0,48.3375,26.042500000000008,26.042500000000008,12.0,11.0,0.0,0.0
76,Cleveland Cavaliers 13-14,64.9,22.06,22.06,14.0,13.0,66.13333333333334,30.52333333333333,30.52333333333333,13.0,12.0,0.0,0.0
77,Cleveland Cavaliers 14-15,56.2,22.939999999999998,22.939999999999998,15.0,14.0,67.77777777777779,27.611111111111114,27.611111111111114,14.0,13.0,1.0,0.0
78,Cleveland Cavaliers 15-16,63.5,24.18,24.18,16.0,15.0,51.0,27.360000000000003,27.360000000000003,15.0,14.0,1.0,1.0
79,Cleveland Cavaliers 16-17,56.4,23.650000000000002,23.650000000000002,17.0,16.0,60.533333333333324,27.46222222222222,27.46222222222222,16.0,15.0,1.0,1.0
80,Cleveland Cavaliers 17-18,60.0,21.73,21.73,18.0,17.0,59.44444444444444,28.32111111111111,28.32111111111111,17.0,16.0,1.0,1.0
81,Cleveland Cavaliers 18-19,50.6,22.8,22.8,19.0,18.0,52.57142857142857,21.199999999999996,21.199999999999996,18.0,17.0,0.0,1.0
83,Dallas Mavericks 05-06,57.4,23.119999999999997,23.119999999999997,6.0,5.0,64.8,26.383333333333336,26.383333333333336,5.0,4.0,1.0,1.0
84,Dallas Mavericks 06-07,61.8,21.31,21.31,7.0,6.0,66.52000000000001,28.357999999999997,28.357999999999997,6.0,5.0,1.0,1.0
85,Dallas Mavericks 07-08,59.2,23.63,23.63,8.0,7.0,59.5,24.000000000000004,24.000000000000004,7.0,6.0,0.0,1.0
86,Dallas Mavericks 08-09,65.6,24.330000000000005,24.330000000000005,9.0,8.0,59.11111111111111,24.97777777777778,24.97777777777778,8.0,7.0,0.0,0.0
87,Dallas Mavericks 09-10,59.7,25.880000000000003,25.880000000000003,10.0,9.0,62.11999999999999,30.612000000000005,30.612000000000005,9.0,8.0,1.0,0.0
88,Dallas Mavericks 10-11,64.3,22.829999999999995,22.829999999999995,11.0,10.0,66.56666666666666,29.109999999999996,29.109999999999996,10.0,9.0,1.0,1.0
89,Dallas Mavericks 11-12,52.3,23.89,23.89,12.0,11.0,58.93333333333332,26.627499999999998,26.627499999999998,11.0,10.0,0.0,1.0
90,Dallas Mavericks 12-13,67.1,24.020000000000003,24.020000000000003,13.0,12.0,60.080000000000005,27.166000000000004,27.166000000000004,12.0,11.0,0.0,0.0
91,Dallas Mavericks 13-14,64.2,22.13,22.13,14.0,13.0,62.36363636363636,25.738181818181822,25.738181818181822,13.0,12.0,0.0,0.0
92,Dallas Mavericks 14-15,60.1,21.729999999999997,21.729999999999997,15.0,14.0,72.8,27.820000000000004,27.820000000000004,14.0,13.0,0.0,0.0
93,Dallas Mavericks 15-16,61.1,22.25,22.25,16.0,15.0,65.7090909090909,25.732727272727267,25.732727272727267,15.0,14.0,0.0,0.0
94,Dallas Mavericks 16-17,48.1,22.07,22.07,17.0,16.0,68.03636363636365,26.117272727272724,26.117272727272724,16.0,15.0,0.0,0.0
95,Dallas Mavericks 17-18,59.2,24.22,24.22,18.0,17.0,60.25555555555557,24.85555555555556,24.85555555555556,17.0,16.0,0.0,0.0
96,Dallas Mavericks 18-19,55.4,23.61,23.61,19.0,18.0,64.46,25.866000000000003,25.866000000000003,18.0,17.0,0.0,0.0
98,Denver Nuggets 05-06,63.6,25.139999999999993,25.139999999999993,6.0,5.0,70.85,26.012,26.012,5.0,4.0,0.0,0.0
99,Denver Nuggets 06-07,51.6,24.3,24.3,7.0,6.0,64.85,26.16875,26.16875,6.0,5.0,0.0,0.0
100,Denver Nuggets 07-08,65.5,25.490000000000002,25.490000000000002,8.0,7.0,69.45,25.855,25.855,7.0,6.0,0.0,0.0
101,Denver Nuggets 08-09,72.55555555555556,25.03333333333333,25.03333333333333,9.0,8.0,65.85714285714286,22.957142857142852,22.957142857142852,8.0,7.0,1.0,0.0
102,Denver Nuggets 09-10,69.7,26.550000000000004,26.550000000000004,10.0,9.0,72.34,25.362000000000002,25.362000000000002,9.0,8.0,1.0,1.0
103,Denver Nuggets 10-11,63.3,26.060000000000002,26.060000000000002,11.0,10.0,72.44444444444444,29.78888888888889,29.78888888888889,10.0,9.0,0.0,1.0
104,Denver Nuggets 11-12,46.2,24.69,24.69,12.0,11.0,70.0,28.550000000000004,28.550000000000004,11.0,10.0,0.0,0.0
105,Denver Nuggets 12-13,67.0,23.800000000000004,23.800000000000004,13.0,12.0,54.17142857142858,27.678571428571423,27.678571428571423,12.0,11.0,1.0,0.0
106,Denver Nuggets 13-14,62.4,24.249999999999996,24.249999999999996,14.0,13.0,65.88181818181818,23.563636363636366,23.563636363636366,13.0,12.0,0.0,1.0
107,Denver Nuggets 14-15,60.4,23.53,23.53,15.0,14.0,70.14000000000001,29.101999999999997,29.101999999999997,14.0,13.0,0.0,0.0
108,Denver Nuggets 15-16,51.0,22.31,22.31,16.0,15.0,51.370000000000005,20.841,20.841,15.0,14.0,0.0,0.0
109,Denver Nuggets 16-17,56.7,22.76,22.76,17.0,16.0,65.2375,29.075000000000006,29.075000000000006,16.0,15.0,0.0,0.0
110,Denver Nuggets 17-18,60.3,26.139999999999997,26.139999999999997,18.0,17.0,64.32142857142858,27.19214285714286,27.19214285714286,17.0,16.0,0.0,0.0
111,Denver Nuggets 18-19,58.8,21.759999999999998,21.759999999999998,19.0,18.0,67.35,27.149999999999995,27.149999999999995,18.0,17.0,1.0,0.0
113,Detroit Pistons 05-06,67.0,23.599999999999998,23.599999999999998,6.0,5.0,69.67999999999999,30.427999999999997,30.427999999999997,5.0,4.0,1.0,1.0
114,Detroit Pistons 06-07,72.14285714285714,27.757142857142856,27.757142857142856,7.0,6.0,67.0,26.657142857142855,26.657142857142855,6.0,5.0,1.0,1.0
115,Detroit Pistons 07-08,64.1,24.14,24.14,8.0,7.0,73.1,30.45142857142857,30.45142857142857,7.0,6.0,1.0,1.0
116,Detroit Pistons 08-09,70.25,24.374999999999996,24.374999999999996,9.0,8.0,66.0,22.97142857142857,22.97142857142857,8.0,7.0,0.0,1.0
117,Detroit Pistons 09-10,58.0,23.87,23.87,10.0,9.0,75.82857142857141,31.02857142857143,31.02857142857143,9.0,8.0,0.0,0.0
118,Detroit Pistons 10-11,68.5,24.910000000000004,24.910000000000004,11.0,10.0,62.43333333333334,28.563333333333333,28.563333333333333,10.0,9.0,0.0,0.0
119,Detroit Pistons 11-12,56.2,24.250000000000004,24.250000000000004,12.0,11.0,71.05,25.690000000000005,25.690000000000005,11.0,10.0,0.0,0.0
120,Detroit Pistons 12-13,57.4,23.2,23.2,13.0,12.0,54.6375,28.317500000000003,28.317500000000003,12.0,11.0,0.0,0.0
121,Detroit Pistons 13-14,58.5,20.740000000000002,20.740000000000002,14.0,13.0,72.5,28.82,28.82,13.0,12.0,0.0,0.0
122,Detroit Pistons 14-15,53.4,24.180000000000003,24.180000000000003,15.0,14.0,69.0111111111111,27.342222222222222,27.342222222222222,14.0,13.0,0.0,0.0
123,Detroit Pistons 15-16,64.1,24.709999999999997,24.709999999999997,16.0,15.0,66.38,24.603999999999996,24.603999999999996,15.0,14.0,0.0,0.0
124,Detroit Pistons 16-17,66.1,24.41,24.41,17.0,16.0,65.34,28.465999999999998,28.465999999999998,16.0,15.0,0.0,0.0
125,Detroit Pistons 17-18,60.1,24.88,24.88,18.0,17.0,66.76,25.272000000000002,25.272000000000002,17.0,16.0,0.0,0.0
126,Detroit Pistons 18-19,58.1,22.97,22.97,19.0,18.0,61.9,26.459090909090907,26.459090909090907,18.0,17.0,0.0,0.0
128,Golden State Warriors 05-06,63.333333333333336,25.788888888888888,25.788888888888888,6.0,5.0,62.142857142857146,29.200000000000003,29.200000000000003,5.0,4.0,0.0,0.0
129,Golden State Warriors 06-07,49.1,24.810000000000002,24.810000000000002,7.0,6.0,64.42857142857143,28.6,28.6,6.0,5.0,0.0,0.0
130,Golden State Warriors 07-08,64.6,23.290000000000003,23.290000000000003,8.0,7.0,57.875,26.7875,26.7875,7.0,6.0,0.0,0.0
131,Golden State Warriors 08-09,55.9,25.919999999999998,25.919999999999998,9.0,8.0,70.3,27.53714285714285,27.53714285714285,8.0,7.0,0.0,0.0
132,Golden State Warriors 09-10,55.2,27.009999999999998,27.009999999999998,10.0,9.0,57.857142857142854,24.25714285714286,24.25714285714286,9.0,8.0,0.0,0.0
133,Golden State Warriors 10-11,56.4,22.71,22.71,11.0,10.0,65.71428571428571,29.08571428571429,29.08571428571429,10.0,9.0,0.0,0.0
134,Golden State Warriors 11-12,52.0,25.21,25.21,12.0,11.0,69.0,29.585714285714282,29.585714285714282,11.0,10.0,0.0,0.0
135,Golden State Warriors 12-13,70.8,24.159999999999997,24.159999999999997,13.0,12.0,46.28571428571429,28.76714285714285,28.76714285714285,12.0,11.0,1.0,0.0
136,Golden State Warriors 13-14,62.2,22.310000000000002,22.310000000000002,14.0,13.0,69.88888888888889,24.644444444444446,24.644444444444446,13.0,12.0,1.0,1.0
137,Golden State Warriors 14-15,72.3,23.040000000000003,23.040000000000003,15.0,14.0,69.24,27.005000000000003,27.005000000000003,14.0,13.0,1.0,1.0
138,Golden State Warriors 15-16,70.0,23.38,23.38,16.0,15.0,74.92,24.412000000000003,24.412000000000003,15.0,14.0,1.0,1.0
139,Golden State Warriors 16-17,70.9,23.15,23.15,17.0,16.0,74.53636363636365,27.47909090909091,27.47909090909091,16.0,15.0,1.0,1.0
140,Golden State Warriors 17-18,61.8,24.06,24.06,18.0,17.0,65.65384615384616,26.54461538461539,26.54461538461539,17.0,16.0,1.0,1.0
141,Golden State Warriors 18-19,59.0,22.85,22.85,19.0,18.0,59.10909090909091,29.245454545454542,29.245454545454542,18.0,17.0,1.0,1.0
143,Houston Rockets 05-06,54.4,28.389999999999997,28.389999999999997,6.0,5.0,57.7,28.71,28.71,5.0,4.0,0.0,1.0
144,Houston Rockets 06-07,54.3,22.860000000000003,22.860000000000003,7.0,6.0,63.925,31.441249999999997,31.441249999999997,6.0,5.0,1.0,0.0
145,Houston Rockets 07-08,61.9,24.630000000000003,24.630000000000003,8.0,7.0,68.05,30.97625,30.97625,7.0,6.0,1.0,1.0
146,Houston Rockets 08-09,58.9,26.339999999999996,26.339999999999996,9.0,8.0,63.9,28.1,28.1,8.0,7.0,1.0,1.0
147,Houston Rockets 09-10,67.375,25.675,25.675,10.0,9.0,70.6,27.1,27.1,9.0,8.0,0.0,1.0
148,Houston Rockets 10-11,57.5,23.96,23.96,11.0,10.0,63.11999999999999,30.453000000000003,30.453000000000003,10.0,9.0,0.0,0.0
149,Houston Rockets 11-12,54.4,25.560000000000002,25.560000000000002,12.0,11.0,71.02222222222221,24.98666666666667,24.98666666666667,11.0,10.0,0.0,0.0
150,Houston Rockets 12-13,60.6,24.79,24.79,13.0,12.0,51.585714285714275,25.52428571428571,25.52428571428571,12.0,11.0,0.0,0.0
151,Houston Rockets 13-14,56.4,25.16,25.16,14.0,13.0,55.77272727272727,25.15545454545455,25.15545454545455,13.0,12.0,1.0,0.0
152,Houston Rockets 14-15,47.5,22.240000000000002,22.240000000000002,15.0,14.0,64.8,29.626250000000006,29.626250000000006,14.0,13.0,1.0,1.0
153,Houston Rockets 15-16,64.3,24.130000000000003,24.130000000000003,16.0,15.0,57.21666666666666,30.860000000000003,30.860000000000003,15.0,14.0,0.0,1.0
154,Houston Rockets 16-17,63.3,22.560000000000002,22.560000000000002,17.0,16.0,65.12,26.625999999999998,26.625999999999998,16.0,15.0,1.0,0.0
155,Houston Rockets 17-18,61.9,26.080000000000002,26.080000000000002,18.0,17.0,70.24545454545455,27.975454545454546,27.975454545454546,17.0,16.0,1.0,1.0
156,Houston Rockets 18-19,55.9,23.719999999999995,23.719999999999995,19.0,18.0,55.25,25.55,25.55,18.0,17.0,1.0,1.0
158,Indiana Pacers 05-06,62.4,24.580000000000002,24.580000000000002,6.0,5.0,60.25,28.125,28.125,5.0,4.0,0.0,0.0
159,Indiana Pacers 06-07,54.6,24.61,24.61,7.0,6.0,65.4,28.01181818181818,28.01181818181818,6.0,5.0,0.0,0.0
160,Indiana Pacers 07-08,59.3,24.7,24.7,8.0,7.0,56.8,26.693333333333328,26.693333333333328,7.0,6.0,0.0,0.0
161,Indiana Pacers 08-09,59.3,24.380000000000003,24.380000000000003,9.0,8.0,72.2,26.922000000000004,26.922000000000004,8.0,7.0,0.0,0.0
162,Indiana Pacers 09-10,65.1,25.96,25.96,10.0,9.0,62.56,26.546000000000003,26.546000000000003,9.0,8.0,0.0,0.0
163,Indiana Pacers 10-11,61.9,23.299999999999997,23.299999999999997,11.0,10.0,69.25,26.046666666666663,26.046666666666663,10.0,9.0,0.0,0.0
164,Indiana Pacers 11-12,58.6,24.02,24.02,12.0,11.0,67.88888888888889,25.27777777777778,25.27777777777778,11.0,10.0,1.0,0.0
165,Indiana Pacers 12-13,64.0,21.44,21.44,13.0,12.0,54.68000000000001,25.983000000000004,25.983000000000004,12.0,11.0,1.0,1.0
166,Indiana Pacers 13-14,64.7,23.829999999999995,23.829999999999995,14.0,13.0,75.26363636363635,28.15181818181818,28.15181818181818,13.0,12.0,1.0,1.0
167,Indiana Pacers 14-15,60.5,22.330000000000005,22.330000000000005,15.0,14.0,67.86,22.228,22.228,14.0,13.0,0.0,1.0
168,Indiana Pacers 15-16,64.0,23.01,23.01,16.0,15.0,67.35,26.410000000000004,26.410000000000004,15.0,14.0,0.0,0.0
169,Indiana Pacers 16-17,65.1,23.050000000000004,23.050000000000004,17.0,16.0,68.66363636363636,26.478181818181817,26.478181818181817,16.0,15.0,0.0,0.0
170,Indiana Pacers 17-18,62.9,23.54,23.54,18.0,17.0,69.61999999999999,26.85,26.85,17.0,16.0,0.0,0.0
171,Indiana Pacers 18-19,64.1,24.249999999999996,24.249999999999996,19.0,18.0,71.67272727272727,28.858181818181816,28.858181818181816,18.0,17.0,0.0,0.0
173,Los Angeles Clippers 05-06,54.9,21.73,21.73,6.0,5.0,54.05,29.4875,29.4875,5.0,4.0,0.0,0.0
174,Los Angeles Clippers 06-07,67.6,25.8,25.8,7.0,6.0,67.3111111111111,29.06777777777778,29.06777777777778,6.0,5.0,0.0,0.0
175,Los Angeles Clippers 07-08,61.7,26.98,26.98,8.0,7.0,70.65555555555555,28.003333333333337,28.003333333333337,7.0,6.0,0.0,0.0
176,Los Angeles Clippers 08-09,52.1,24.250000000000004,24.250000000000004,9.0,8.0,72.125,25.828750000000003,25.828750000000003,8.0,7.0,0.0,0.0
177,Los Angeles Clippers 09-10,58.5,25.160000000000004,25.160000000000004,10.0,9.0,67.36666666666667,30.390000000000004,30.390000000000004,9.0,8.0,0.0,0.0
178,Los Angeles Clippers 10-11,58.2,23.44,23.44,11.0,10.0,72.92857142857144,28.985714285714284,28.985714285714284,10.0,9.0,0.0,0.0
179,Los Angeles Clippers 11-12,45.3,24.380000000000003,24.380000000000003,12.0,11.0,60.720000000000006,30.309999999999995,30.309999999999995,11.0,10.0,0.0,0.0
180,Los Angeles Clippers 12-13,66.5,23.57,23.57,13.0,12.0,52.4,26.01,26.01,12.0,11.0,1.0,0.0
181,Los Angeles Clippers 13-14,57.1,23.18,23.18,14.0,13.0,71.24,29.091999999999995,29.091999999999995,13.0,12.0,1.0,1.0
182,Los Angeles Clippers 14-15,65.0,23.0,23.0,15.0,14.0,56.56999999999999,29.629999999999995,29.629999999999995,14.0,13.0,1.0,1.0
183,Los Angeles Clippers 15-16,61.2,23.12,23.12,16.0,15.0,67.67692307692307,30.50769230769231,30.50769230769231,15.0,14.0,1.0,1.0
184,Los Angeles Clippers 16-17,66.7,23.410000000000004,23.410000000000004,17.0,16.0,70.36666666666667,26.94166666666667,26.94166666666667,16.0,15.0,1.0,1.0
185,Los Angeles Clippers 17-18,50.1,24.93,24.93,18.0,17.0,66.425,25.267500000000002,25.267500000000002,17.0,16.0,0.0,1.0
186,Los Angeles Clippers 18-19,55.4,21.259999999999998,21.259999999999998,19.0,18.0,49.4875,28.8,28.8,18.0,17.0,0.0,0.0
188,Los Angeles Lakers 05-06,66.9,23.65,23.65,6.0,5.0,56.66666666666667,21.066666666666663,21.066666666666663,5.0,4.0,0.0,0.0
189,Los Angeles Lakers 06-07,62.7,25.22,25.22,7.0,6.0,72.91111111111111,28.998888888888892,28.998888888888892,6.0,5.0,0.0,0.0
190,Los Angeles Lakers 07-08,65.1,21.95,21.95,8.0,7.0,68.375,25.237500000000004,25.237500000000004,7.0,6.0,1.0,0.0
191,Los Angeles Lakers 08-09,68.4,23.410000000000004,23.410000000000004,9.0,8.0,71.625,28.187500000000007,28.187500000000007,8.0,7.0,1.0,1.0
192,Los Angeles Lakers 09-10,68.5,24.389999999999997,24.389999999999997,10.0,9.0,73.72,26.992,26.992,9.0,8.0,1.0,1.0
193,Los Angeles Lakers 10-11,69.8,23.369999999999997,23.369999999999997,11.0,10.0,69.11111111111111,27.96666666666666,27.96666666666666,10.0,9.0,1.0,1.0
194,Los Angeles Lakers 11-12,51.5,24.360000000000003,24.360000000000003,12.0,11.0,71.02,25.458999999999996,25.458999999999996,11.0,10.0,1.0,1.0
195,Los Angeles Lakers 12-13,63.2,28.419999999999998,28.419999999999998,13.0,12.0,60.20833333333333,29.96333333333333,29.96333333333333,12.0,11.0,0.0,1.0
196,Los Angeles Lakers 13-14,55.4,25.93,25.93,14.0,13.0,53.4,22.330000000000002,22.330000000000002,13.0,12.0,0.0,0.0
197,Los Angeles Lakers 14-15,53.7,25.869999999999997,25.869999999999997,15.0,14.0,61.657142857142865,22.622857142857143,22.622857142857143,14.0,13.0,0.0,0.0
198,Los Angeles Lakers 15-16,63.4,24.269999999999992,24.269999999999992,16.0,15.0,61.51428571428571,26.514285714285716,26.514285714285716,15.0,14.0,0.0,0.0
199,Los Angeles Lakers 16-17,56.1,23.060000000000002,23.060000000000002,17.0,16.0,72.13333333333335,27.119999999999997,27.119999999999997,16.0,15.0,0.0,0.0
200,Los Angeles Lakers 17-18,58.8,25.77,25.77,18.0,17.0,70.6,26.681111111111107,26.681111111111107,17.0,16.0,0.0,0.0
201,Los Angeles Lakers 18-19,48.0,22.92,22.92,19.0,18.0,67.44545454545455,29.992727272727272,29.992727272727272,18.0,17.0,0.0,0.0
203,Memphis Grizzlies 05-06,62.6,24.619999999999997,24.619999999999997,6.0,5.0,64.92,27.623999999999995,27.623999999999995,5.0,4.0,1.0,0.0
204,Memphis Grizzlies 06-07,58.6,25.74,25.74,7.0,6.0,56.777777777777786,26.52333333333334,26.52333333333334,6.0,5.0,0.0,1.0
205,Memphis Grizzlies 07-08,63.4,26.540000000000003,26.540000000000003,8.0,7.0,68.75,28.005000000000003,28.005000000000003,7.0,6.0,0.0,0.0
206,Memphis Grizzlies 08-09,68.7,23.979999999999997,23.979999999999997,9.0,8.0,71.22857142857143,26.26,26.26,8.0,7.0,0.0,0.0
207,Memphis Grizzlies 09-10,67.9,24.729999999999997,24.729999999999997,10.0,9.0,80.62,32.368,32.368,9.0,8.0,0.0,0.0
208,Memphis Grizzlies 10-11,70.0,25.720000000000006,25.720000000000006,11.0,10.0,69.0,28.333333333333332,28.333333333333332,10.0,9.0,0.0,0.0
209,Memphis Grizzlies 11-12,45.4,23.020000000000003,23.020000000000003,12.0,11.0,65.8,29.438333333333333,29.438333333333333,11.0,10.0,1.0,0.0
210,Memphis Grizzlies 12-13,61.1,24.49,24.49,13.0,12.0,52.75555555555555,27.93444444444445,27.93444444444445,12.0,11.0,0.0,1.0
211,Memphis Grizzlies 13-14,56.6,22.66,22.66,14.0,13.0,70.1375,28.252499999999998,28.252499999999998,13.0,12.0,0.0,0.0
212,Memphis Grizzlies 14-15,59.3,24.02,24.02,15.0,14.0,60.48,25.803999999999995,25.803999999999995,14.0,13.0,1.0,0.0
213,Memphis Grizzlies 15-16,58.5,25.72,25.72,16.0,15.0,67.125,29.225,29.225,15.0,14.0,0.0,1.0
214,Memphis Grizzlies 16-17,54.2,22.85,22.85,17.0,16.0,58.6,26.589999999999996,26.589999999999996,16.0,15.0,0.0,0.0
215,Memphis Grizzlies 17-18,50.0,23.63,23.63,18.0,17.0,60.225,23.552500000000002,23.552500000000002,17.0,16.0,0.0,0.0
216,Memphis Grizzlies 18-19,39.8,21.89,21.89,19.0,18.0,65.01111111111109,26.00888888888889,26.00888888888889,18.0,17.0,0.0,0.0
218,Miami Heat 05-06,59.6,23.830000000000002,23.830000000000002,6.0,5.0,68.74285714285716,32.52714285714286,32.52714285714286,5.0,4.0,1.0,1.0
219,Miami Heat 06-07,60.1,22.82,22.82,7.0,6.0,68.95,27.486250000000002,27.486250000000002,6.0,5.0,0.0,1.0
220,Miami Heat 07-08,59.75,26.987500000000004,26.987500000000004,8.0,7.0,58.714285714285715,24.77142857142857,24.77142857142857,7.0,6.0,0.0,0.0
221,Miami Heat 08-09,60.888888888888886,23.355555555555558,23.355555555555558,9.0,8.0,56.85714285714286,25.1,25.1,8.0,7.0,0.0,0.0
222,Miami Heat 09-10,66.55555555555556,24.322222222222226,24.322222222222226,10.0,9.0,67.14285714285714,27.371428571428577,27.371428571428577,9.0,8.0,0.0,0.0
223,Miami Heat 10-11,65.2,24.4,24.4,11.0,10.0,62.7,26.670000000000005,26.670000000000005,10.0,9.0,1.0,0.0
224,Miami Heat 11-12,52.666666666666664,24.866666666666667,24.866666666666667,12.0,11.0,69.0,29.300000000000004,29.300000000000004,11.0,10.0,1.0,1.0
225,Miami Heat 12-13,68.3,24.780000000000005,24.780000000000005,13.0,12.0,52.760000000000005,28.313,28.313,12.0,11.0,1.0,1.0
226,Miami Heat 13-14,66.3,24.85,24.85,14.0,13.0,71.3,25.65,25.65,13.0,12.0,1.0,1.0
227,Miami Heat 14-15,50.6,23.140000000000004,23.140000000000004,15.0,14.0,59.750000000000014,29.485000000000003,29.485000000000003,14.0,13.0,0.0,1.0
228,Miami Heat 15-16,58.7,24.689999999999998,24.689999999999998,16.0,15.0,51.875,25.737500000000004,25.737500000000004,15.0,14.0,1.0,0.0
229,Miami Heat 16-17,57.7,25.189999999999998,25.189999999999998,17.0,16.0,62.44000000000001,24.017000000000003,24.017000000000003,16.0,15.0,0.0,1.0
230,Miami Heat 17-18,61.7,26.35,26.35,18.0,17.0,59.48,28.794,28.794,17.0,16.0,0.0,0.0
231,Miami Heat 18-19,54.8,25.23,25.23,19.0,18.0,66.75833333333333,27.634166666666665,27.634166666666665,18.0,17.0,0.0,0.0
233,Milwaukee Bucks 05-06,66.7,24.79,24.79,6.0,5.0,65.94285714285714,28.17571428571428,28.17571428571428,5.0,4.0,0.0,0.0
234,Milwaukee Bucks 06-07,54.5,22.539999999999996,22.539999999999996,7.0,6.0,68.75,27.619999999999994,27.619999999999994,6.0,5.0,0.0,0.0
235,Milwaukee Bucks 07-08,59.0,25.06,25.06,8.0,7.0,59.91428571428571,29.575714285714287,29.575714285714287,7.0,6.0,0.0,0.0
236,Milwaukee Bucks 08-09,64.4,24.799999999999997,24.799999999999997,9.0,8.0,57.833333333333336,25.959999999999997,25.959999999999997,8.0,7.0,0.0,0.0
237,Milwaukee Bucks 09-10,63.4,24.81,24.81,10.0,9.0,66.38000000000001,28.483999999999998,28.483999999999998,9.0,8.0,0.0,0.0
238,Milwaukee Bucks 10-11,61.5,27.629999999999995,27.629999999999995,11.0,10.0,66.7,27.369999999999997,27.369999999999997,10.0,9.0,0.0,0.0
239,Milwaukee Bucks 11-12,47.8,20.200000000000003,20.200000000000003,12.0,11.0,64.95555555555556,30.624444444444446,30.624444444444446,11.0,10.0,0.0,0.0
240,Milwaukee Bucks 12-13,61.6,22.740000000000002,22.740000000000002,13.0,12.0,54.00999999999999,25.807999999999993,25.807999999999993,12.0,11.0,0.0,0.0
241,Milwaukee Bucks 13-14,49.0,24.919999999999995,24.919999999999995,14.0,13.0,71.52000000000001,26.990000000000002,26.990000000000002,13.0,12.0,0.0,0.0
242,Milwaukee Bucks 14-15,61.6,25.48,25.48,15.0,14.0,61.11111111111111,26.566666666666663,26.566666666666663,14.0,13.0,0.0,0.0
243,Milwaukee Bucks 15-16,62.7,22.900000000000002,22.900000000000002,16.0,15.0,60.55,28.389999999999997,28.389999999999997,15.0,14.0,0.0,0.0
244,Milwaukee Bucks 16-17,65.5,24.719999999999995,24.719999999999995,17.0,16.0,68.97272727272727,26.505454545454548,26.505454545454548,16.0,15.0,0.0,0.0
245,Milwaukee Bucks 17-18,55.2,23.259999999999998,23.259999999999998,18.0,17.0,64.7,26.57181818181818,26.57181818181818,17.0,16.0,0.0,0.0
246,Milwaukee Bucks 18-19,63.3,23.399999999999995,23.399999999999995,19.0,18.0,68.24,26.044,26.044,18.0,17.0,1.0,0.0
248,Minnesota Timberwolves 05-06,58.5,23.02,23.02,6.0,5.0,68.63333333333334,23.93333333333333,23.93333333333333,5.0,4.0,0.0,0.0
249,Minnesota Timberwolves 06-07,68.4,25.229999999999997,25.229999999999997,7.0,6.0,65.0142857142857,32.45857142857143,32.45857142857143,6.0,5.0,0.0,0.0
250,Minnesota Timberwolves 07-08,60.0,25.04,25.04,8.0,7.0,76.16,23.491999999999997,23.491999999999997,7.0,6.0,0.0,0.0
251,Minnesota Timberwolves 08-09,67.0,26.02,26.02,9.0,8.0,65.52000000000001,26.343,26.343,8.0,7.0,0.0,0.0
252,Minnesota Timberwolves 09-10,71.6,22.84,22.84,10.0,9.0,66.7375,24.7275,24.7275,9.0,8.0,0.0,0.0
253,Minnesota Timberwolves 10-11,59.7,23.09,23.09,11.0,10.0,75.5,26.195000000000004,26.195000000000004,10.0,9.0,0.0,0.0
254,Minnesota Timberwolves 11-12,48.5,25.3,25.3,12.0,11.0,67.7,26.23,26.23,11.0,10.0,0.0,0.0
255,Minnesota Timberwolves 12-13,58.9,26.27,26.27,13.0,12.0,54.0,27.557142857142857,27.557142857142857,12.0,11.0,0.0,0.0
256,Minnesota Timberwolves 13-14,68.1,21.58,21.58,14.0,13.0,64.66666666666666,26.576666666666664,26.576666666666664,13.0,12.0,0.0,0.0
257,Minnesota Timberwolves 14-15,49.8,26.9,26.9,15.0,14.0,66.30909090909091,24.998181818181827,24.998181818181827,14.0,13.0,0.0,0.0
258,Minnesota Timberwolves 15-16,66.8,23.59,23.59,16.0,15.0,52.620000000000005,28.036,28.036,15.0,14.0,0.0,0.0
259,Minnesota Timberwolves 16-17,69.6,26.630000000000003,26.630000000000003,17.0,16.0,72.46000000000001,24.446999999999996,24.446999999999996,16.0,15.0,0.0,0.0
260,Minnesota Timberwolves 17-18,67.5,24.759999999999998,24.759999999999998,18.0,17.0,75.75454545454545,29.40272727272727,29.40272727272727,17.0,16.0,0.0,0.0
261,Minnesota Timberwolves 18-19,48.8,23.990000000000002,23.990000000000002,19.0,18.0,72.6875,29.855,29.855,18.0,17.0,0.0,0.0
263,New Jersey Nets 05-06,67.2,24.650000000000002,24.650000000000002,6.0,5.0,58.263636363636365,28.82090909090909,28.82090909090909,5.0,4.0,1.0,0.0
264,New Jersey Nets 06-07,64.5,24.699999999999996,24.699999999999996,7.0,6.0,70.6,27.773999999999994,27.773999999999994,6.0,5.0,0.0,1.0
265,New Jersey Nets 07-08,57.888888888888886,24.88888888888889,24.88888888888889,8.0,7.0,66.88888888888889,24.899999999999995,24.899999999999995,7.0,6.0,0.0,0.0
266,New Jersey Nets 08-09,59.7,22.790000000000003,22.790000000000003,9.0,8.0,66.1,24.78,24.78,8.0,7.0,0.0,0.0
267,New Jersey Nets 09-10,51.5,25.78,25.78,10.0,9.0,69.02727272727273,27.390000000000004,27.390000000000004,9.0,8.0,0.0,0.0
268,New Jersey Nets 10-11,58.5,23.45,23.45,11.0,10.0,65.6,25.654999999999994,25.654999999999994,10.0,9.0,0.0,0.0
269,New Jersey Nets 11-12,45.2,23.42,23.42,12.0,11.0,66.16666666666667,23.816666666666663,23.816666666666663,11.0,10.0,0.0,0.0
271,New Orleans Hornets 07-08,67.5,24.839999999999996,24.839999999999996,8.0,7.0,68.42857142857143,28.75714285714286,28.75714285714286,7.0,6.0,1.0,0.0
272,New Orleans Hornets 08-09,66.2,24.200000000000003,24.200000000000003,9.0,8.0,65.33333333333333,24.066666666666666,24.066666666666666,8.0,7.0,0.0,1.0
273,New Orleans Hornets 09-10,61.8,25.300000000000004,25.300000000000004,10.0,9.0,65.85555555555555,25.041111111111114,25.041111111111114,9.0,8.0,0.0,0.0
274,New Orleans Hornets 10-11,71.44444444444444,25.03333333333333,25.03333333333333,11.0,10.0,66.57142857142857,26.65714285714286,26.65714285714286,10.0,9.0,0.0,0.0
275,New Orleans Hornets 11-12,50.6,24.5,24.5,12.0,11.0,67.71428571428571,20.58571428571429,20.58571428571429,11.0,10.0,0.0,0.0
276,New Orleans Hornets 12-13,63.3,23.46,23.46,13.0,12.0,55.3,23.300000000000004,23.300000000000004,12.0,11.0,0.0,0.0
277,New Orleans Pelicans 13-14,57.7,25.73,25.73,14.0,13.0,65.32727272727274,28.05090909090909,28.05090909090909,13.0,12.0,0.0,0.0
278,New Orleans Pelicans 14-15,54.4,24.68,24.68,15.0,14.0,49.5,25.829999999999995,25.829999999999995,14.0,13.0,0.0,0.0
279,New Orleans Pelicans 15-16,55.4,26.209999999999997,26.209999999999997,16.0,15.0,59.58,27.486,27.486,15.0,14.0,0.0,0.0
280,New Orleans Pelicans 16-17,52.3,23.990000000000002,23.990000000000002,17.0,16.0,57.027272727272724,24.405454545454546,24.405454545454546,16.0,15.0,0.0,0.0
281,New Orleans Pelicans 17-18,62.3,26.5,26.5,18.0,17.0,69.77777777777779,27.655555555555555,27.655555555555555,17.0,16.0,0.0,0.0
282,New Orleans Pelicans 18-19,56.5,24.94,24.94,19.0,18.0,70.29999999999998,29.024999999999995,29.024999999999995,18.0,17.0,0.0,0.0
283,New Orleans/Oklahoma City Hornets 05-06,59.888888888888886,23.644444444444442,23.644444444444442,6.0,5.0,60.833333333333336,23.91666666666667,23.91666666666667,5.0,4.0,0.0,0.0
284,New Orleans/Oklahoma City Hornets 06-07,59.7,24.800000000000004,24.800000000000004,7.0,6.0,74.14285714285714,25.428571428571423,25.428571428571423,6.0,5.0,0.0,0.0
286,New York Knicks 05-06,59.1,23.55,23.55,6.0,5.0,66.5,28.766666666666673,28.766666666666673,5.0,4.0,0.0,0.0
287,New York Knicks 06-07,61.8,27.26,27.26,7.0,6.0,65.125,28.589999999999996,28.589999999999996,6.0,5.0,0.0,0.0
288,New York Knicks 07-08,63.4,26.7,26.7,8.0,7.0,59.46,27.680000000000007,27.680000000000007,7.0,6.0,0.0,0.0
289,New York Knicks 08-09,57.0,24.366666666666667,24.366666666666667,9.0,8.0,63.0,22.014285714285712,22.014285714285712,8.0,7.0,0.0,0.0
290,New York Knicks 09-10,46.8,23.33,23.33,10.0,9.0,65.31428571428572,30.389999999999997,30.389999999999997,9.0,8.0,0.0,0.0
291,New York Knicks 10-11,56.2,25.32,25.32,11.0,10.0,68.0,28.357142857142854,28.357142857142854,10.0,9.0,0.0,0.0
292,New York Knicks 11-12,46.7,25.2,25.2,12.0,11.0,64.21000000000001,28.459000000000003,28.459000000000003,11.0,10.0,0.0,0.0
293,New York Knicks 12-13,58.7,21.689999999999998,21.689999999999998,13.0,12.0,52.62857142857142,29.024285714285718,29.024285714285718,12.0,11.0,1.0,0.0
294,New York Knicks 13-14,58.0,25.26,25.26,14.0,13.0,61.35,30.079999999999995,30.079999999999995,13.0,12.0,0.0,1.0
295,New York Knicks 14-15,44.4,24.770000000000003,24.770000000000003,15.0,14.0,68.7375,29.017500000000002,29.017500000000002,14.0,13.0,0.0,0.0
296,New York Knicks 15-16,72.7,24.860000000000003,24.860000000000003,16.0,15.0,48.61999999999999,27.374000000000002,27.374000000000002,15.0,14.0,0.0,0.0
297,New York Knicks 16-17,59.7,23.470000000000002,23.470000000000002,17.0,16.0,55.85999999999999,25.814000000000004,25.814000000000004,16.0,15.0,0.0,0.0
298,New York Knicks 17-18,52.9,23.030000000000005,23.030000000000005,18.0,17.0,65.61818181818181,24.61181818181818,24.61181818181818,17.0,16.0,0.0,0.0
299,New York Knicks 18-19,51.1,23.35,23.35,19.0,18.0,55.14545454545455,21.530909090909095,21.530909090909095,18.0,17.0,0.0,0.0
300,Oklahoma City Thunder 08-09,58.2,26.240000000000002,26.240000000000002,9.0,8.0,72.0,27.577499999999997,27.577499999999997,8.0,7.0,0.0,0.0
301,Oklahoma City Thunder 09-10,72.55555555555556,26.077777777777776,26.077777777777776,10.0,9.0,66.33333333333333,28.03333333333333,28.03333333333333,9.0,8.0,0.0,0.0
302,Oklahoma City Thunder 10-11,66.88888888888889,24.988888888888887,24.988888888888887,11.0,10.0,63.77777777777778,24.333333333333332,24.333333333333332,10.0,9.0,1.0,0.0
303,Oklahoma City Thunder 11-12,55.6,21.990000000000002,21.990000000000002,12.0,11.0,66.43333333333334,23.824444444444445,23.824444444444445,11.0,10.0,1.0,1.0
304,Oklahoma City Thunder 12-13,65.8,22.87,22.87,13.0,12.0,54.55,27.174999999999994,27.174999999999994,12.0,11.0,1.0,1.0
305,Oklahoma City Thunder 13-14,67.5,23.27,23.27,14.0,13.0,72.74444444444444,24.366666666666667,24.366666666666667,13.0,12.0,1.0,1.0
306,Oklahoma City Thunder 14-15,50.4,24.740000000000002,24.740000000000002,15.0,14.0,71.04545454545455,25.46,25.46,14.0,13.0,0.0,1.0
307,Oklahoma City Thunder 15-16,68.7,22.859999999999996,22.859999999999996,16.0,15.0,54.236363636363635,26.842727272727274,26.842727272727274,15.0,14.0,1.0,0.0
308,Oklahoma City Thunder 16-17,67.4,22.669999999999998,22.669999999999998,17.0,16.0,70.43333333333332,22.268888888888892,22.268888888888892,16.0,15.0,0.0,1.0
309,Oklahoma City Thunder 17-18,72.7,24.349999999999998,24.349999999999998,18.0,17.0,75.975,29.552500000000002,29.552500000000002,17.0,16.0,1.0,0.0
310,Oklahoma City Thunder 18-19,58.3,21.689999999999998,21.689999999999998,19.0,18.0,74.13636363636364,24.88,24.88,18.0,17.0,0.0,1.0
312,Orlando Magic 05-06,54.8,26.74,26.74,6.0,5.0,72.83333333333334,26.15,26.15,5.0,4.0,0.0,0.0
313,Orlando Magic 06-07,62.0,23.720000000000006,23.720000000000006,7.0,6.0,55.741666666666674,25.791666666666664,25.791666666666664,6.0,5.0,0.0,0.0
314,Orlando Magic 07-08,66.11111111111111,24.9,24.9,8.0,7.0,62.666666666666664,24.133333333333336,24.133333333333336,7.0,6.0,0.0,0.0
315,Orlando Magic 08-09,63.1,24.049999999999997,24.049999999999997,9.0,8.0,70.7,30.575,30.575,8.0,7.0,1.0,0.0
316,Orlando Magic 09-10,70.8,24.580000000000002,24.580000000000002,10.0,9.0,68.94,27.329,27.329,9.0,8.0,1.0,1.0
317,Orlando Magic 10-11,52.7,25.869999999999997,25.869999999999997,11.0,10.0,73.0,27.144444444444446,27.144444444444446,10.0,9.0,1.0,1.0
318,Orlando Magic 11-12,53.3,25.6,25.6,12.0,11.0,57.010000000000005,25.890000000000004,25.890000000000004,11.0,10.0,0.0,1.0
319,Orlando Magic 12-13,55.4,24.439999999999998,24.439999999999998,13.0,12.0,56.54285714285713,23.18857142857143,23.18857142857143,12.0,11.0,0.0,0.0
320,Orlando Magic 13-14,64.6,24.27,24.27,14.0,13.0,49.544444444444444,23.21444444444444,23.21444444444444,13.0,12.0,0.0,0.0
321,Orlando Magic 14-15,62.7,24.940000000000005,24.940000000000005,15.0,14.0,66.85999999999999,24.224,24.224,14.0,13.0,0.0,0.0
322,Orlando Magic 15-16,59.8,23.84,23.84,16.0,15.0,69.63636363636364,28.700909090909096,28.700909090909096,15.0,14.0,0.0,0.0
323,Orlando Magic 16-17,67.1,24.38,24.38,17.0,16.0,63.15,25.527,25.527,16.0,15.0,0.0,0.0
324,Orlando Magic 17-18,53.3,23.550000000000004,23.550000000000004,18.0,17.0,68.71818181818182,26.03636363636363,26.03636363636363,17.0,16.0,0.0,0.0
325,Orlando Magic 18-19,61.4,22.259999999999998,22.259999999999998,19.0,18.0,58.580000000000005,27.165,27.165,18.0,17.0,0.0,0.0
327,Philadelphia 76ers 05-06,67.22222222222223,25.611111111111114,25.611111111111114,6.0,5.0,68.60000000000001,32.199999999999996,32.199999999999996,5.0,4.0,0.0,0.0
328,Philadelphia 76ers 06-07,61.0,23.422222222222228,23.422222222222228,7.0,6.0,67.5,25.71666666666667,25.71666666666667,6.0,5.0,0.0,0.0
329,Philadelphia 76ers 07-08,68.6,24.35,24.35,8.0,7.0,64.025,27.566250000000004,27.566250000000004,7.0,6.0,0.0,0.0
330,Philadelphia 76ers 08-09,69.1,22.77,22.77,9.0,8.0,78.17777777777778,27.902222222222225,27.902222222222225,8.0,7.0,0.0,0.0
331,Philadelphia 76ers 09-10,67.8,23.440000000000005,23.440000000000005,10.0,9.0,77.6,24.84625,24.84625,9.0,8.0,0.0,0.0
332,Philadelphia 76ers 10-11,66.2,23.229999999999997,23.229999999999997,11.0,10.0,69.97999999999999,26.773999999999994,26.773999999999994,10.0,9.0,0.0,0.0
333,Philadelphia 76ers 11-12,56.0,25.550000000000004,25.550000000000004,12.0,11.0,73.11111111111111,26.477777777777778,26.477777777777778,11.0,10.0,0.0,0.0
334,Philadelphia 76ers 12-13,65.0,25.65,25.65,13.0,12.0,55.144444444444446,26.53333333333333,26.53333333333333,12.0,11.0,0.0,0.0
335,Philadelphia 76ers 13-14,60.8,24.270000000000003,24.270000000000003,14.0,13.0,74.38,26.939999999999998,26.939999999999998,13.0,12.0,0.0,0.0
336,Philadelphia 76ers 14-15,53.6,22.970000000000002,22.970000000000002,15.0,14.0,68.52000000000001,22.636000000000003,22.636000000000003,14.0,13.0,0.0,0.0
337,Philadelphia 76ers 15-16,59.9,22.520000000000003,22.520000000000003,16.0,15.0,61.05,20.05,20.05,15.0,14.0,0.0,0.0
338,Philadelphia 76ers 16-17,54.6,22.39,22.39,17.0,16.0,70.45714285714286,24.754285714285707,24.754285714285707,16.0,15.0,0.0,0.0
339,Philadelphia 76ers 17-18,66.1,24.840000000000003,24.840000000000003,18.0,17.0,67.62222222222222,24.264444444444443,24.264444444444443,17.0,16.0,1.0,0.0
340,Philadelphia 76ers 18-19,51.3,22.910000000000004,22.910000000000004,19.0,18.0,71.47142857142856,27.98,27.98,18.0,17.0,1.0,1.0
342,Phoenix Suns 05-06,66.88888888888889,26.833333333333332,26.833333333333332,6.0,5.0,63.857142857142854,27.999999999999996,27.999999999999996,5.0,4.0,1.0,1.0
343,Phoenix Suns 06-07,65.9,25.919999999999998,25.919999999999998,7.0,6.0,70.08,31.014,31.014,6.0,5.0,1.0,1.0
344,Phoenix Suns 07-08,63.4,25.7,25.7,8.0,7.0,75.1125,33.1175,33.1175,7.0,6.0,1.0,1.0
345,Phoenix Suns 08-09,59.7,23.349999999999998,23.349999999999998,9.0,8.0,77.41428571428573,31.62714285714286,31.62714285714286,8.0,7.0,0.0,1.0
346,Phoenix Suns 09-10,74.0,23.840000000000003,23.840000000000003,10.0,9.0,61.625,23.0875,23.0875,9.0,8.0,1.0,0.0
347,Phoenix Suns 10-11,57.0,24.38,24.38,11.0,10.0,75.75,26.95,26.95,10.0,9.0,0.0,1.0
348,Phoenix Suns 11-12,57.4,23.65,23.65,12.0,11.0,72.16666666666666,24.759999999999998,24.759999999999998,11.0,10.0,0.0,0.0
349,Phoenix Suns 12-13,62.9,22.86,22.86,13.0,12.0,61.966666666666676,26.52,26.52,12.0,11.0,0.0,0.0
350,Phoenix Suns 13-14,63.0,23.900000000000002,23.900000000000002,14.0,13.0,65.8375,21.348750000000003,21.348750000000003,13.0,12.0,0.0,0.0
351,Phoenix Suns 14-15,62.7,24.919999999999998,24.919999999999998,15.0,14.0,72.16666666666666,28.425555555555555,28.425555555555555,14.0,13.0,0.0,0.0
352,Phoenix Suns 15-16,59.9,25.4,25.4,16.0,15.0,62.169999999999995,26.764,26.764,15.0,14.0,0.0,0.0
353,Phoenix Suns 16-17,58.4,22.400000000000002,22.400000000000002,17.0,16.0,64.3875,29.029999999999994,29.029999999999994,16.0,15.0,0.0,0.0
354,Phoenix Suns 17-18,43.5,20.630000000000003,20.630000000000003,18.0,17.0,69.35,24.232499999999998,24.232499999999998,17.0,16.0,0.0,0.0
355,Phoenix Suns 18-19,53.3,26.829999999999995,26.829999999999995,19.0,18.0,70.5,28.999999999999993,28.999999999999993,18.0,17.0,0.0,0.0
357,Portland Trail Blazers 05-06,55.6,22.330000000000002,22.330000000000002,6.0,5.0,56.45,22.765,22.765,5.0,4.0,0.0,0.0
358,Portland Trail Blazers 06-07,64.0,24.830000000000002,24.830000000000002,7.0,6.0,70.38571428571429,22.529999999999994,22.529999999999994,6.0,5.0,0.0,0.0
359,Portland Trail Blazers 07-08,72.2,25.51,25.51,8.0,7.0,61.83,23.294999999999995,23.294999999999995,7.0,6.0,0.0,0.0
360,Portland Trail Blazers 08-09,74.4,24.100000000000005,24.100000000000005,9.0,8.0,77.14285714285714,25.52857142857143,25.52857142857143,8.0,7.0,1.0,0.0
361,Portland Trail Blazers 09-10,66.7,25.630000000000003,25.630000000000003,10.0,9.0,74.28571428571429,28.38571428571428,28.38571428571428,9.0,8.0,0.0,1.0
362,Portland Trail Blazers 10-11,58.5,22.38,22.38,11.0,10.0,65.5,29.620000000000005,29.620000000000005,10.0,9.0,0.0,0.0
363,Portland Trail Blazers 11-12,49.7,23.68,23.68,12.0,11.0,61.625,28.774999999999995,28.774999999999995,11.0,10.0,0.0,0.0
364,Portland Trail Blazers 12-13,64.6,24.719999999999995,24.719999999999995,13.0,12.0,47.62222222222222,23.617777777777782,23.617777777777782,12.0,11.0,0.0,0.0
365,Portland Trail Blazers 13-14,69.9,25.19,25.19,14.0,13.0,68.78,30.964000000000006,30.964000000000006,13.0,12.0,1.0,0.0
366,Portland Trail Blazers 14-15,61.5,23.640000000000004,23.640000000000004,15.0,14.0,63.21,26.818999999999996,26.818999999999996,14.0,13.0,1.0,1.0
367,Portland Trail Blazers 15-16,68.0,22.29,22.29,16.0,15.0,65.45555555555555,20.263333333333332,20.263333333333332,15.0,14.0,0.0,1.0
368,Portland Trail Blazers 16-17,67.4,25.169999999999998,25.169999999999998,17.0,16.0,76.95454545454545,25.675454545454546,25.675454545454546,16.0,15.0,0.0,0.0
369,Portland Trail Blazers 17-18,64.4,23.23,23.23,18.0,17.0,68.52,25.665999999999997,25.665999999999997,17.0,16.0,1.0,0.0
370,Portland Trail Blazers 18-19,64.9,22.75,22.75,19.0,18.0,68.63000000000001,25.538999999999998,25.538999999999998,18.0,17.0,1.0,1.0
372,Sacramento Kings 05-06,59.7,24.7,24.7,6.0,5.0,61.37777777777778,30.364444444444445,30.364444444444445,5.0,4.0,0.0,1.0
373,Sacramento Kings 06-07,66.3,24.93,24.93,7.0,6.0,73.66666666666667,27.419999999999995,27.419999999999995,6.0,5.0,0.0,0.0
374,Sacramento Kings 07-08,66.7,26.109999999999996,26.109999999999996,8.0,7.0,71.44444444444444,23.922222222222224,23.922222222222224,7.0,6.0,0.0,0.0
375,Sacramento Kings 08-09,61.7,27.45,27.45,9.0,8.0,67.0,26.55,26.55,8.0,7.0,0.0,0.0
376,Sacramento Kings 09-10,60.5,25.639999999999997,25.639999999999997,10.0,9.0,67.34,25.942,25.942,9.0,8.0,0.0,0.0
377,Sacramento Kings 10-11,68.5,25.21,25.21,11.0,10.0,64.3,26.5,26.5,10.0,9.0,0.0,0.0
378,Sacramento Kings 11-12,54.0,22.869999999999997,22.869999999999997,12.0,11.0,71.9,28.586000000000002,28.586000000000002,11.0,10.0,0.0,0.0
379,Sacramento Kings 12-13,69.2,23.770000000000003,23.770000000000003,13.0,12.0,58.618181818181824,26.588181818181816,26.588181818181816,12.0,11.0,0.0,0.0
380,Sacramento Kings 13-14,47.3,24.12,24.12,14.0,13.0,66.75,24.675000000000004,24.675000000000004,13.0,12.0,0.0,0.0
381,Sacramento Kings 14-15,63.3,25.19,25.19,15.0,14.0,59.21428571428571,26.821428571428573,26.821428571428573,14.0,13.0,0.0,0.0
382,Sacramento Kings 15-16,64.7,25.8,25.8,16.0,15.0,58.866666666666674,29.616666666666664,29.616666666666664,15.0,14.0,0.0,0.0
383,Sacramento Kings 16-17,43.8,23.13,23.13,17.0,16.0,70.28181818181818,29.55636363636363,29.55636363636363,16.0,15.0,0.0,0.0
384,Sacramento Kings 17-18,59.8,23.23,23.23,18.0,17.0,59.6375,23.634999999999998,23.634999999999998,17.0,16.0,0.0,0.0
385,Sacramento Kings 18-19,61.3,23.509999999999998,23.509999999999998,19.0,18.0,73.35555555555557,25.569999999999997,25.569999999999997,18.0,17.0,0.0,0.0
387,San Antonio Spurs 05-06,72.5,23.490000000000002,23.490000000000002,6.0,5.0,71.06,28.892000000000003,28.892000000000003,5.0,4.0,1.0,1.0
388,San Antonio Spurs 06-07,72.9,22.709999999999997,22.709999999999997,7.0,6.0,75.1,25.17,25.17,6.0,5.0,1.0,1.0
389,San Antonio Spurs 07-08,63.3,23.270000000000003,23.270000000000003,8.0,7.0,76.08,26.043999999999993,26.043999999999993,7.0,6.0,1.0,1.0
390,San Antonio Spurs 08-09,66.3,23.030000000000005,23.030000000000005,9.0,8.0,77.43,27.0,27.0,8.0,7.0,1.0,1.0
391,San Antonio Spurs 09-10,66.5,22.08,22.08,10.0,9.0,72.7,29.733333333333338,29.733333333333338,9.0,8.0,0.0,1.0
392,San Antonio Spurs 10-11,71.1,23.46,23.46,11.0,10.0,73.28,25.967000000000002,25.967000000000002,10.0,9.0,1.0,0.0
393,San Antonio Spurs 11-12,53.7,23.160000000000004,23.160000000000004,12.0,11.0,75.5,25.946250000000003,25.946250000000003,11.0,10.0,1.0,1.0
394,San Antonio Spurs 12-13,67.4,23.6,23.6,13.0,12.0,49.74545454545454,25.59636363636363,25.59636363636363,12.0,11.0,1.0,1.0
395,San Antonio Spurs 13-14,69.1,23.160000000000004,23.160000000000004,14.0,13.0,65.8,24.55,24.55,13.0,12.0,1.0,1.0
396,San Antonio Spurs 14-15,58.2,20.720000000000002,20.720000000000002,15.0,14.0,72.02,25.380000000000003,25.380000000000003,14.0,13.0,1.0,1.0
397,San Antonio Spurs 15-16,65.6,22.14,22.14,16.0,15.0,71.34615384615384,27.41384615384615,27.41384615384615,15.0,14.0,1.0,1.0
398,San Antonio Spurs 16-17,58.0,20.31,20.31,17.0,16.0,73.4888888888889,26.73777777777778,26.73777777777778,16.0,15.0,1.0,1.0
399,San Antonio Spurs 17-18,61.7,19.63,19.63,18.0,17.0,61.416666666666664,23.904999999999998,23.904999999999998,17.0,16.0,0.0,1.0
400,San Antonio Spurs 18-19,65.9,22.229999999999997,22.229999999999997,19.0,18.0,69.2,23.77,23.77,18.0,17.0,0.0,0.0
402,Seattle SuperSonics 05-06,59.3,23.52,23.52,6.0,5.0,67.44444444444444,25.644444444444446,25.644444444444446,5.0,4.0,0.0,1.0
403,Seattle SuperSonics 06-07,66.4,25.830000000000002,25.830000000000002,7.0,6.0,64.25,23.849999999999998,23.849999999999998,6.0,5.0,0.0,0.0
404,Seattle SuperSonics 07-08,67.2,25.529999999999998,25.529999999999998,8.0,7.0,70.6875,28.576250000000005,28.576250000000005,7.0,6.0,0.0,0.0
406,Toronto Raptors 05-06,64.8,25.659999999999997,25.659999999999997,6.0,5.0,64.3,28.445,28.445,5.0,4.0,0.0,0.0
407,Toronto Raptors 06-07,63.5,24.029999999999998,24.029999999999998,7.0,6.0,71.4,28.835,28.835,6.0,5.0,0.0,0.0
408,Toronto Raptors 07-08,69.6,23.860000000000007,23.860000000000007,8.0,7.0,69.79090909090908,26.48818181818182,26.48818181818182,7.0,6.0,0.0,0.0
409,Toronto Raptors 08-09,66.7,26.090000000000003,26.090000000000003,9.0,8.0,68.5,25.825,25.825,8.0,7.0,0.0,0.0
410,Toronto Raptors 09-10,69.1,24.69,24.69,10.0,9.0,72.64285714285715,32.20428571428572,32.20428571428572,9.0,8.0,0.0,0.0
411,Toronto Raptors 10-11,58.44444444444444,26.988888888888887,26.988888888888887,11.0,10.0,69.71428571428572,21.642857142857146,21.642857142857146,10.0,9.0,0.0,0.0
412,Toronto Raptors 11-12,46.0,25.499999999999993,25.499999999999993,12.0,11.0,63.2625,28.385,28.385,11.0,10.0,0.0,0.0
413,Toronto Raptors 12-13,54.8,24.450000000000003,24.450000000000003,13.0,12.0,47.92,29.083999999999996,29.083999999999996,12.0,11.0,0.0,0.0
414,Toronto Raptors 13-14,58.4,23.529999999999998,23.529999999999998,14.0,13.0,69.875,25.7875,25.7875,13.0,12.0,0.0,0.0
415,Toronto Raptors 14-15,75.4,25.76,25.76,15.0,14.0,60.8,26.610000000000003,26.610000000000003,14.0,13.0,0.0,0.0
416,Toronto Raptors 15-16,59.6,22.720000000000006,22.720000000000006,16.0,15.0,73.28888888888889,27.42888888888889,27.42888888888889,15.0,14.0,1.0,0.0
417,Toronto Raptors 16-17,65.3,23.82,23.82,17.0,16.0,63.46666666666666,26.27666666666667,26.27666666666667,16.0,15.0,1.0,1.0
418,Toronto Raptors 17-18,72.5,21.82,21.82,18.0,17.0,62.56,25.202,25.202,17.0,16.0,1.0,1.0
419,Toronto Raptors 18-19,53.0,21.700000000000003,21.700000000000003,19.0,18.0,72.95454545454545,23.51272727272728,23.51272727272728,18.0,17.0,1.0,1.0
421,Utah Jazz 05-06,60.3,23.270000000000003,23.270000000000003,6.0,5.0,68.7875,25.017500000000002,25.017500000000002,5.0,4.0,0.0,0.0
422,Utah Jazz 06-07,67.4,22.18,22.18,7.0,6.0,63.42857142857143,28.0,28.0,6.0,5.0,1.0,0.0
423,Utah Jazz 07-08,69.0,23.59,23.59,8.0,7.0,70.63333333333333,23.939999999999998,23.939999999999998,7.0,6.0,1.0,1.0
424,Utah Jazz 08-09,67.6,24.029999999999998,24.029999999999998,9.0,8.0,68.7,25.187000000000005,25.187000000000005,8.0,7.0,0.0,1.0
425,Utah Jazz 09-10,58.3,22.66,22.66,10.0,9.0,72.5,29.419999999999995,29.419999999999995,9.0,8.0,1.0,0.0
426,Utah Jazz 10-11,65.2,22.61,22.61,11.0,10.0,66.71428571428571,24.08571428571429,24.08571428571429,10.0,9.0,0.0,1.0
427,Utah Jazz 11-12,53.3,22.469999999999995,22.469999999999995,12.0,11.0,62.15,25.99,25.99,11.0,10.0,0.0,0.0
428,Utah Jazz 12-13,68.4,24.970000000000002,24.970000000000002,13.0,12.0,58.41818181818182,25.96363636363636,25.96363636363636,12.0,11.0,0.0,0.0
429,Utah Jazz 13-14,56.7,22.299999999999997,22.299999999999997,14.0,13.0,65.5,18.73333333333333,18.73333333333333,13.0,12.0,0.0,0.0
430,Utah Jazz 14-15,64.2,26.639999999999997,26.639999999999997,15.0,14.0,70.74444444444445,27.097777777777775,27.097777777777775,14.0,13.0,0.0,0.0
431,Utah Jazz 15-16,67.9,22.360000000000003,22.360000000000003,16.0,15.0,63.6,27.639999999999997,27.639999999999997,15.0,14.0,0.0,0.0
432,Utah Jazz 16-17,61.1,23.459999999999997,23.459999999999997,17.0,16.0,66.93333333333334,27.810000000000002,27.810000000000002,16.0,15.0,1.0,0.0
433,Utah Jazz 17-18,63.0,23.79,23.79,18.0,17.0,67.26666666666668,23.833333333333336,23.833333333333336,17.0,16.0,0.0,1.0
434,Utah Jazz 18-19,64.8,20.990000000000002,20.990000000000002,19.0,18.0,66.83333333333334,25.67333333333333,25.67333333333333,18.0,17.0,1.0,0.0
436,Washington Wizards 05-06,54.8,23.63,23.63,6.0,5.0,70.83000000000001,31.336000000000002,31.336000000000002,5.0,4.0,0.0,0.0
437,Washington Wizards 06-07,64.0,23.2,23.2,7.0,6.0,62.55,26.680000000000007,26.680000000000007,6.0,5.0,0.0,0.0
438,Washington Wizards 07-08,71.2,23.590000000000003,23.590000000000003,8.0,7.0,64.28571428571429,23.971428571428568,23.971428571428568,7.0,6.0,0.0,0.0
439,Washington Wizards 08-09,58.8,23.560000000000002,23.560000000000002,9.0,8.0,66.33333333333333,21.76666666666667,21.76666666666667,8.0,7.0,0.0,0.0
440,Washington Wizards 09-10,56.6,26.73,26.73,10.0,9.0,68.0,31.257142857142856,31.257142857142856,9.0,8.0,0.0,0.0
441,Washington Wizards 10-11,49.4,22.040000000000003,22.040000000000003,11.0,10.0,57.4375,29.419999999999998,29.419999999999998,10.0,9.0,0.0,0.0
442,Washington Wizards 11-12,49.2,23.169999999999998,23.169999999999998,12.0,11.0,52.65,27.419999999999998,27.419999999999998,11.0,10.0,0.0,0.0
443,Washington Wizards 12-13,53.8,24.68,24.68,13.0,12.0,47.68181818181817,26.943636363636365,26.943636363636365,12.0,11.0,0.0,0.0
444,Washington Wizards 13-14,61.2,24.64,24.64,14.0,13.0,57.56,27.333,27.333,13.0,12.0,0.0,0.0
445,Washington Wizards 14-15,64.1,22.759999999999998,22.759999999999998,15.0,14.0,62.341666666666676,26.834166666666665,26.834166666666665,14.0,13.0,0.0,0.0
446,Washington Wizards 15-16,53.1,20.319999999999997,20.319999999999997,16.0,15.0,65.62727272727274,26.169090909090905,26.169090909090905,15.0,14.0,0.0,0.0
447,Washington Wizards 16-17,64.4,23.259999999999998,23.259999999999998,17.0,16.0,63.1,25.480000000000004,25.480000000000004,16.0,15.0,0.0,0.0
448,Washington Wizards 17-18,61.9,21.369999999999997,21.369999999999997,18.0,17.0,69.3,26.124000000000002,26.124000000000002,17.0,16.0,0.0,0.0
449,Washington Wizards 18-19,44.7,23.830000000000002,23.830000000000002,19.0,18.0,70.07777777777778,30.218888888888888,30.218888888888888,18.0,17.0,0.0,0.0
